{
	"info": {
		"name": "Bank Application API",
		"schema": "https://schema.getpostman.com/json/collection/v2.1.0/collection.json"
	},
	"item": [
		{
			"name": "Client Service",
			"item": [
				{
					"name": "Create Client",
					"request": {
						"method": "POST",
						"header": [{"key": "Content-Type", "value": "application/json"}],
						"body": {
							"mode": "raw",
							"raw": "{\n  \"name\": \"Juan Perez\",\n  \"dni\": \"1234567890\",\n  \"gender\": \"M\",\n  \"age\": 30,\n  \"address\": \"Calle 123\",\n  \"phone\": \"555-1234\",\n  \"password\": \"password123\",\n  \"isActive\": true\n}"
						},
						"url": {"raw": "http://localhost:8001/api/clients", "protocol": "http", "host": ["localhost"], "port": "8001", "path": ["api", "clients"]}
					}
				},
				{
					"name": "Get All Clients",
					"request": {
						"method": "GET",
						"url": {"raw": "http://localhost:8001/api/clients", "protocol": "http", "host": ["localhost"], "port": "8001", "path": ["api", "clients"]}
					}
				},
				{
					"name": "Get Client By ID",
					"request": {
						"method": "GET",
						"url": {"raw": "http://localhost:8001/api/clients/1", "protocol": "http", "host": ["localhost"], "port": "8001", "path": ["api", "clients", "1"]}
					}
				},
				{
					"name": "Update Client",
					"request": {
						"method": "PUT",
						"header": [{"key": "Content-Type", "value": "application/json"}],
						"body": {
							"mode": "raw",
							"raw": "{\n  \"name\": \"Juan Perez Updated\",\n  \"dni\": \"1234567890\",\n  \"gender\": \"M\",\n  \"age\": 31,\n  \"address\": \"Calle 456\",\n  \"phone\": \"555-5678\",\n  \"password\": \"newpassword\",\n  \"isActive\": true\n}"
						},
						"url": {"raw": "http://localhost:8001/api/clients/1", "protocol": "http", "host": ["localhost"], "port": "8001", "path": ["api", "clients", "1"]}
					}
				},
				{
					"name": "Partial Update Client",
					"request": {
						"method": "PATCH",
						"header": [{"key": "Content-Type", "value": "application/json"}],
						"body": {
							"mode": "raw",
							"raw": "{\n  \"isActive\": false\n}"
						},
						"url": {"raw": "http://localhost:8001/api/clients/1", "protocol": "http", "host": ["localhost"], "port": "8001", "path": ["api", "clients", "1"]}
					}
				},
				{
					"name": "Delete Client",
					"request": {
						"method": "DELETE",
						"url": {"raw": "http://localhost:8001/api/clients/1", "protocol": "http", "host": ["localhost"], "port": "8001", "path": ["api", "clients", "1"]}
					}
				}
			]
		},
		{
			"name": "Account Service",
			"item": [
				{
					"name": "Create Account",
					"request": {
						"method": "POST",
						"header": [{"key": "Content-Type", "value": "application/json"}],
						"body": {
							"mode": "raw",
							"raw": "{\n  \"number\": \"123456\",\n  \"type\": \"AHORROS\",\n  \"initialAmount\": 1000.0,\n  \"isActive\": true,\n  \"clientId\": 1\n}"
						},
						"url": {"raw": "http://localhost:8000/api/accounts", "protocol": "http", "host": ["localhost"], "port": "8000", "path": ["api", "accounts"]}
					}
				},
				{
					"name": "Get All Accounts",
					"request": {
						"method": "GET",
						"url": {"raw": "http://localhost:8000/api/accounts", "protocol": "http", "host": ["localhost"], "port": "8000", "path": ["api", "accounts"]}
					}
				},
				{
					"name": "Get Account By ID",
					"request": {
						"method": "GET",
						"url": {"raw": "http://localhost:8000/api/accounts/1", "protocol": "http", "host": ["localhost"], "port": "8000", "path": ["api", "accounts", "1"]}
					}
				},
				{
					"name": "Update Account",
					"request": {
						"method": "PUT",
						"header": [{"key": "Content-Type", "value": "application/json"}],
						"body": {
							"mode": "raw",
							"raw": "{\n  \"number\": \"123456\",\n  \"type\": \"CORRIENTE\",\n  \"initialAmount\": 1000.0,\n  \"balance\": 1500.0,\n  \"isActive\": true,\n  \"clientId\": 1\n}"
						},
						"url": {"raw": "http://localhost:8000/api/accounts/1", "protocol": "http", "host": ["localhost"], "port": "8000", "path": ["api", "accounts", "1"]}
					}
				},
				{
					"name": "Partial Update Account",
					"request": {
						"method": "PATCH",
						"header": [{"key": "Content-Type", "value": "application/json"}],
						"body": {
							"mode": "raw",
							"raw": "{\n  \"isActive\": false\n}"
						},
						"url": {"raw": "http://localhost:8000/api/accounts/1", "protocol": "http", "host": ["localhost"], "port": "8000", "path": ["api", "accounts", "1"]}
					}
				},
				{
					"name": "Delete Account",
					"request": {
						"method": "DELETE",
						"url": {"raw": "http://localhost:8000/api/accounts/1", "protocol": "http", "host": ["localhost"], "port": "8000", "path": ["api", "accounts", "1"]}
					}
				}
			]
		},
		{
			"name": "Transaction Service",
			"item": [
				{
					"name": "Create Transaction Deposit",
					"request": {
						"method": "POST",
						"header": [{"key": "Content-Type", "value": "application/json"}],
						"body": {
							"mode": "raw",
							"raw": "{\n  \"type\": \"DEPOSITO\",\n  \"amount\": 500.0,\n  \"accountId\": 1\n}"
						},
						"url": {"raw": "http://localhost:8000/api/transactions", "protocol": "http", "host": ["localhost"], "port": "8000", "path": ["api", "transactions"]}
					}
				},
				{
					"name": "Create Transaction Withdrawal",
					"request": {
						"method": "POST",
						"header": [{"key": "Content-Type", "value": "application/json"}],
						"body": {
							"mode": "raw",
							"raw": "{\n  \"type\": \"RETIRO\",\n  \"amount\": -200.0,\n  \"accountId\": 1\n}"
						},
						"url": {"raw": "http://localhost:8000/api/transactions", "protocol": "http", "host": ["localhost"], "port": "8000", "path": ["api", "transactions"]}
					}
				},
				{
					"name": "Get All Transactions",
					"request": {
						"method": "GET",
						"url": {"raw": "http://localhost:8000/api/transactions", "protocol": "http", "host": ["localhost"], "port": "8000", "path": ["api", "transactions"]}
					}
				},
				{
					"name": "Get Bank Statement Report",
					"request": {
						"method": "GET",
						"url": {"raw": "http://localhost:8000/api/transactions/clients/1/report?dateTransactionStart=2025-01-01&dateTransactionEnd=2025-12-31", "protocol": "http", "host": ["localhost"], "port": "8000", "path": ["api", "transactions", "clients", "1", "report"], "query": [{"key": "dateTransactionStart", "value": "2025-01-01"}, {"key": "dateTransactionEnd", "value": "2025-12-31"}]}
					}
				}
			]
		}
	]
}